Name,/login,/metrics
,,
Aver,142.6858794,130.1525283
