Name,/login,/metrics
,,
Aver,145.6858794,128.1525283
