Type,Name,Request Count,Failure Count,Median Response Time,Average Response Time,Min Response Time,Max Response Time,Average Content Size,Requests/s,Failures/s,50%,66%,75%,80%,90%,95%,98%,99%,99.9%,99.99%,99.999%,100%
POST,/login,44,0,87,110.68587936054575,68.13168525695801,336.75479888916016,54.0,0.10951704707231524,0.0,92,180,220,240,270,290,340,340,340,340,340,340
POST,/metrics,39400,0,84,130.15252834649255,65.9792423248291,1840.8079147338867,95.0,98.0675376056641,0.0,84,100,180,200,260,290,320,390,750,1600,1800,1800
,Aggregated,39444,0,84,200.16650936881834,65.9792423248291,1840.8079147338867,94.95426427340027,98.17705465273642,0.0,84,100,180,200,260,290,320,390,750,1600,1800,1800
