Name,/login,/metrics,Aggregated
Average Response Time,142.68587936054575,130.15252834649255,130.16650936881834
