Name,/login,/metrics,Aggregated
Average Response Time,100.68587936054575,156.15252834649255,130.16650936881834
