Name,/login,/metrics,Aggregated
Average Response Time,125.68587936054575,106.15252834649255,110.16650936881834
