Name,Average Response Time
/login,142.68587936054575
/metrics,130.15252834649255
Aggregated,130.16650936881834
